FCID,Lane,SampleID,SampleRef,Index,Description,Control,Recipe,Operator,Investigator
C6K12ANXX,1,SF129_nonTT_P3_28,Mouse,ATCACG,NeilBox_RNASEQ_6_2_15_RNASEQ_1x50v4,N,RNASEQ,CJL,Neil
C6K12ANXX,1,SF129_nonTT_P3_29,Mouse,CGATGT,NeilBox_RNASEQ_6_2_15_RNASEQ_1x50v4,N,RNASEQ,CJL,Neil
C6K12ANXX,1,SF129_nonTT_P3_31,Mouse,TTAGGC,NeilBox_RNASEQ_6_2_15_RNASEQ_1x50v4,N,RNASEQ,CJL,Neil
C6K12ANXX,1,SF129_nonTT_P3_32,Mouse,TGACCA,NeilBox_RNASEQ_6_2_15_RNASEQ_1x50v4,N,RNASEQ,CJL,Neil
C6K12ANXX,1,SF129_nonTT_P3_33,Mouse,ACAGTG,NeilBox_RNASEQ_6_2_15_RNASEQ_1x50v4,N,RNASEQ,CJL,Neil
C6K12ANXX,1,SF129_nonTT_P3_35,Mouse,GCCAAT,NeilBox_RNASEQ_6_2_15_RNASEQ_1x50v4,N,RNASEQ,CJL,Neil
C6K12ANXX,1,SF129_nonTT_P3_36,Mouse,CAGATC,NeilBox_RNASEQ_6_2_15_RNASEQ_1x50v4,N,RNASEQ,CJL,Neil
C6K12ANXX,1,SF129_nonTT_P3_38,Mouse,ACTTGA,NeilBox_RNASEQ_6_2_15_RNASEQ_1x50v4,N,RNASEQ,CJL,Neil
C6K12ANXX,1,SF129_1000UV_T24_P3_27,Mouse,GATCAG,NeilBox_RNASEQ_6_2_15_RNASEQ_1x50v4,N,RNASEQ,CJL,Neil
C6K12ANXX,1,SF129_1000UV_T24_P3_28,Mouse,TAGCTT,NeilBox_RNASEQ_6_2_15_RNASEQ_1x50v4,N,RNASEQ,CJL,Neil
C6K12ANXX,1,SF129_1000UV_T24_P3_30,Mouse,GGCTAC,NeilBox_RNASEQ_6_2_15_RNASEQ_1x50v4,N,RNASEQ,CJL,Neil
C6K12ANXX,1,SF129_1000UV_T24_P3_31,Mouse,CTTGTA,NeilBox_RNASEQ_6_2_15_RNASEQ_1x50v4,N,RNASEQ,CJL,Neil
C6K12ANXX,1,SF129_1000UV_T24_P3_32,Mouse,AGTCAA,NeilBox_RNASEQ_6_2_15_RNASEQ_1x50v4,N,RNASEQ,CJL,Neil
C6K12ANXX,1,SF129_1000UV_T24_P3_35,Mouse,AGTTCC,NeilBox_RNASEQ_6_2_15_RNASEQ_1x50v4,N,RNASEQ,CJL,Neil
C6K12ANXX,1,SF129_1000UV_T24_P3_36,Mouse,ATGTCA,NeilBox_RNASEQ_6_2_15_RNASEQ_1x50v4,N,RNASEQ,CJL,Neil
C6K12ANXX,1,SF129_1000UV_T24_P3_37,Mouse,CCGTCC,NeilBox_RNASEQ_6_2_15_RNASEQ_1x50v4,N,RNASEQ,CJL,Neil
C6K12ANXX,2,SF129_nonTT_P3_28,Mouse,ATCACG,NeilBox_RNASEQ_6_2_15_RNASEQ_1x50v4,N,RNASEQ,CJL,Neil
C6K12ANXX,2,SF129_nonTT_P3_29,Mouse,CGATGT,NeilBox_RNASEQ_6_2_15_RNASEQ_1x50v4,N,RNASEQ,CJL,Neil
C6K12ANXX,2,SF129_nonTT_P3_31,Mouse,TTAGGC,NeilBox_RNASEQ_6_2_15_RNASEQ_1x50v4,N,RNASEQ,CJL,Neil
C6K12ANXX,2,SF129_nonTT_P3_32,Mouse,TGACCA,NeilBox_RNASEQ_6_2_15_RNASEQ_1x50v4,N,RNASEQ,CJL,Neil
C6K12ANXX,2,SF129_nonTT_P3_33,Mouse,ACAGTG,NeilBox_RNASEQ_6_2_15_RNASEQ_1x50v4,N,RNASEQ,CJL,Neil
C6K12ANXX,2,SF129_nonTT_P3_35,Mouse,GCCAAT,NeilBox_RNASEQ_6_2_15_RNASEQ_1x50v4,N,RNASEQ,CJL,Neil
C6K12ANXX,2,SF129_nonTT_P3_36,Mouse,CAGATC,NeilBox_RNASEQ_6_2_15_RNASEQ_1x50v4,N,RNASEQ,CJL,Neil
C6K12ANXX,2,SF129_nonTT_P3_38,Mouse,ACTTGA,NeilBox_RNASEQ_6_2_15_RNASEQ_1x50v4,N,RNASEQ,CJL,Neil
C6K12ANXX,2,SF129_1000UV_T24_P3_27,Mouse,GATCAG,NeilBox_RNASEQ_6_2_15_RNASEQ_1x50v4,N,RNASEQ,CJL,Neil
C6K12ANXX,2,SF129_1000UV_T24_P3_28,Mouse,TAGCTT,NeilBox_RNASEQ_6_2_15_RNASEQ_1x50v4,N,RNASEQ,CJL,Neil
C6K12ANXX,2,SF129_1000UV_T24_P3_30,Mouse,GGCTAC,NeilBox_RNASEQ_6_2_15_RNASEQ_1x50v4,N,RNASEQ,CJL,Neil
C6K12ANXX,2,SF129_1000UV_T24_P3_31,Mouse,CTTGTA,NeilBox_RNASEQ_6_2_15_RNASEQ_1x50v4,N,RNASEQ,CJL,Neil
C6K12ANXX,2,SF129_1000UV_T24_P3_32,Mouse,AGTCAA,NeilBox_RNASEQ_6_2_15_RNASEQ_1x50v4,N,RNASEQ,CJL,Neil
C6K12ANXX,2,SF129_1000UV_T24_P3_35,Mouse,AGTTCC,NeilBox_RNASEQ_6_2_15_RNASEQ_1x50v4,N,RNASEQ,CJL,Neil
C6K12ANXX,2,SF129_1000UV_T24_P3_36,Mouse,ATGTCA,NeilBox_RNASEQ_6_2_15_RNASEQ_1x50v4,N,RNASEQ,CJL,Neil
C6K12ANXX,2,SF129_1000UV_T24_P3_37,Mouse,CCGTCC,NeilBox_RNASEQ_6_2_15_RNASEQ_1x50v4,N,RNASEQ,CJL,Neil
C6K12ANXX,3,SF129_nonTT_P3_28,Mouse,ATCACG,NeilBox_RNASEQ_6_2_15_RNASEQ_1x50v4,N,RNASEQ,CJL,Neil
C6K12ANXX,3,SF129_nonTT_P3_29,Mouse,CGATGT,NeilBox_RNASEQ_6_2_15_RNASEQ_1x50v4,N,RNASEQ,CJL,Neil
C6K12ANXX,3,SF129_nonTT_P3_31,Mouse,TTAGGC,NeilBox_RNASEQ_6_2_15_RNASEQ_1x50v4,N,RNASEQ,CJL,Neil
C6K12ANXX,3,SF129_nonTT_P3_32,Mouse,TGACCA,NeilBox_RNASEQ_6_2_15_RNASEQ_1x50v4,N,RNASEQ,CJL,Neil
C6K12ANXX,3,SF129_nonTT_P3_33,Mouse,ACAGTG,NeilBox_RNASEQ_6_2_15_RNASEQ_1x50v4,N,RNASEQ,CJL,Neil
C6K12ANXX,3,SF129_nonTT_P3_35,Mouse,GCCAAT,NeilBox_RNASEQ_6_2_15_RNASEQ_1x50v4,N,RNASEQ,CJL,Neil
C6K12ANXX,3,SF129_nonTT_P3_36,Mouse,CAGATC,NeilBox_RNASEQ_6_2_15_RNASEQ_1x50v4,N,RNASEQ,CJL,Neil
C6K12ANXX,3,SF129_nonTT_P3_38,Mouse,ACTTGA,NeilBox_RNASEQ_6_2_15_RNASEQ_1x50v4,N,RNASEQ,CJL,Neil
C6K12ANXX,3,SF129_1000UV_T24_P3_27,Mouse,GATCAG,NeilBox_RNASEQ_6_2_15_RNASEQ_1x50v4,N,RNASEQ,CJL,Neil
C6K12ANXX,3,SF129_1000UV_T24_P3_28,Mouse,TAGCTT,NeilBox_RNASEQ_6_2_15_RNASEQ_1x50v4,N,RNASEQ,CJL,Neil
C6K12ANXX,3,SF129_1000UV_T24_P3_30,Mouse,GGCTAC,NeilBox_RNASEQ_6_2_15_RNASEQ_1x50v4,N,RNASEQ,CJL,Neil
C6K12ANXX,3,SF129_1000UV_T24_P3_31,Mouse,CTTGTA,NeilBox_RNASEQ_6_2_15_RNASEQ_1x50v4,N,RNASEQ,CJL,Neil
C6K12ANXX,3,SF129_1000UV_T24_P3_32,Mouse,AGTCAA,NeilBox_RNASEQ_6_2_15_RNASEQ_1x50v4,N,RNASEQ,CJL,Neil
C6K12ANXX,3,SF129_1000UV_T24_P3_35,Mouse,AGTTCC,NeilBox_RNASEQ_6_2_15_RNASEQ_1x50v4,N,RNASEQ,CJL,Neil
C6K12ANXX,3,SF129_1000UV_T24_P3_36,Mouse,ATGTCA,NeilBox_RNASEQ_6_2_15_RNASEQ_1x50v4,N,RNASEQ,CJL,Neil
C6K12ANXX,3,SF129_1000UV_T24_P3_37,Mouse,CCGTCC,NeilBox_RNASEQ_6_2_15_RNASEQ_1x50v4,N,RNASEQ,CJL,Neil
C6K12ANXX,4,HXB_1_1LIVER,Rat,ATCACG,BorrisTabakoff_Custom_6_2_15_Custom_1x50v4,N,Custom,KMD,Tabakoff
C6K12ANXX,4,HXB3_1LIVER,Rat,CGATGT,BorrisTabakoff_Custom_6_2_15_Custom_1x50v4,N,Custom,KMD,Tabakoff
C6K12ANXX,4,HXB4_1LIVER,Rat,TTAGGC,BorrisTabakoff_Custom_6_2_15_Custom_1x50v4,N,Custom,KMD,Tabakoff
C6K12ANXX,4,HXB5_1LIVER,Rat,TGACCA,BorrisTabakoff_Custom_6_2_15_Custom_1x50v4,N,Custom,KMD,Tabakoff
C6K12ANXX,5,1,Unknown,CACTGT,PeterKabos_Custom_6_2_15_RNASEQ_1x50v4,N,Custom,KMD,Kabos
C6K12ANXX,5,2,Unknown,ATTGGC,PeterKabos_Custom_6_2_15_RNASEQ_1x50v4,N,Custom,KMD,Kabos
C6K12ANXX,5,3,Unknown,GATCTG,PeterKabos_Custom_6_2_15_RNASEQ_1x50v4,N,Custom,KMD,Kabos
C6K12ANXX,5,4,Unknown,CGTGAT,PeterKabos_Custom_6_2_15_RNASEQ_1x50v4,N,Custom,KMD,Kabos
C6K12ANXX,5,5,Unknown,GCCTAA,PeterKabos_Custom_6_2_15_RNASEQ_1x50v4,N,Custom,KMD,Kabos
C6K12ANXX,5,6,Unknown,TCAAGT,PeterKabos_Custom_6_2_15_RNASEQ_1x50v4,N,Custom,KMD,Kabos
C6K12ANXX,6,HXB10_1LIVER,Rat,ACAGTG,BorrisTabakoff_Custom_6_2_15_Custom_1x50v4,N,Custom,KMD,Tabakoff
C6K12ANXX,6,XXB15_1LIVER,Rat,GCCAAT,BorrisTabakoff_Custom_6_2_15_Custom_1x50v4,N,Custom,KMD,Tabakoff
C6K12ANXX,6,HXB18_1LIVER,Rat,CAGATC,BorrisTabakoff_Custom_6_2_15_Custom_1x50v4,N,Custom,KMD,Tabakoff
C6K12ANXX,6,HXB20_1LIVER,Rat,ACTTGA,BorrisTabakoff_Custom_6_2_15_Custom_1x50v4,N,Custom,KMD,Tabakoff
C6K12ANXX,7,HXB21_1LIVER,Rat,GATCAG,BorrisTabakoff_Custom_6_2_15_Custom_1x50v4,N,Custom,KMD,Tabakoff
C6K12ANXX,7,HXB22_1LIVER,Rat,TAGCTT,BorrisTabakoff_Custom_6_2_15_Custom_1x50v4,N,Custom,KMD,Tabakoff
C6K12ANXX,7,HXB23_1LIVER,Rat,GGCTAC,BorrisTabakoff_Custom_6_2_15_Custom_1x50v4,N,Custom,KMD,Tabakoff
C6K12ANXX,7,HXB24_1LIVER,Rat,CTTGTA,BorrisTabakoff_Custom_6_2_15_Custom_1x50v4,N,Custom,KMD,Tabakoff
C6K12ANXX,8,HXB29_1LIVER,Rat,CGGAAT,BorrisTabakoff_Custom_6_2_15_Custom_1x50v4,N,Custom,KMD,Tabakoff
C6K12ANXX,8,HXB31_1LIVER,Rat,TCGGCA,BorrisTabakoff_Custom_6_2_15_Custom_1x50v4,N,Custom,KMD,Tabakoff
C6K12ANXX,8,BXH2_1LIVER,Rat,GACGAC,BorrisTabakoff_Custom_6_2_15_Custom_1x50v4,N,Custom,KMD,Tabakoff
C6K12ANXX,8,SHR_1LIVER,Rat,TAATCG,BorrisTabakoff_Custom_6_2_15_Custom_1x50v4,N,Custom,KMD,Tabakoff
