FCID,Lane,SampleID,SampleRef,Index,Description,Control,Recipe,Operator,SampleProject
C6KODANXX,1,Mock_101,Human,ATCACG,HugoRosen_RNASEQ_5_8_15_RNASEQ_1x50v4,N,RNASEQ,KMD,Rosen
C6KODANXX,1,Mock_107,Human,CGATGT,HugoRosen_RNASEQ_5_8_15_RNASEQ_1x50v4,N,RNASEQ,KMD,Rosen
C6KODANXX,1,Mock_174,Human,TTAGGC,HugoRosen_RNASEQ_5_8_15_RNASEQ_1x50v4,N,RNASEQ,KMD,Rosen
C6KODANXX,1,Mock_180,Human,TGACCA,HugoRosen_RNASEQ_5_8_15_RNASEQ_1x50v4,N,RNASEQ,KMD,Rosen
C6KODANXX,1,IFNL_101,Human,ACAGTG,HugoRosen_RNASEQ_5_8_15_RNASEQ_1x50v4,N,RNASEQ,KMD,Rosen
C6KODANXX,1,IFNL_107,Human,GCCAAT,HugoRosen_RNASEQ_5_8_15_RNASEQ_1x50v4,N,RNASEQ,KMD,Rosen
C6KODANXX,1,IFNL_174,Human,CAGATC,HugoRosen_RNASEQ_5_8_15_RNASEQ_1x50v4,N,RNASEQ,KMD,Rosen
C6KODANXX,1,IFNL_180,Human,ACTTGA,HugoRosen_RNASEQ_5_8_15_RNASEQ_1x50v4,N,RNASEQ,KMD,Rosen
C6KODANXX,1,rhIFNa_2a_174,Human,GATCAG,HugoRosen_RNASEQ_5_8_15_RNASEQ_1x50v4,N,RNASEQ,KMD,Rosen
C6KODANXX,1,rhIFNa_2a_180,Human,TAGCTT,HugoRosen_RNASEQ_5_8_15_RNASEQ_1x50v4,N,RNASEQ,KMD,Rosen
C6KODANXX,2,SHR_3,Rat,CGATGT,BorrisTabakoff_custom_5_8_15_custom_1x50v4,N,Custom,KMD,Tabakoff
C6KODANXX,2,BNLX_3,Rat,TTAGGC,BorrisTabakoff_custom_5_8_15_custom_1x50v4,N,Custom,KMD,Tabakoff
C6KODANXX,2,SHR_1,Rat,TGACCA,BorrisTabakoff_custom_5_8_15_custom_1x50v4,N,Custom,KMD,Tabakoff
C6KODANXX,3,HD,Human,CGATGT,JoaquinEspinosa_Custom_5_8_15_Custom_1x50v4,N,Custom,KMD,Espinosa
C6KODANXX,3,HN,Human,TGACCA,JoaquinEspinosa_Custom_5_8_15_Custom_1x50v4,N,Custom,KMD,Espinosa
C6KODANXX,3,MD,Human,ACAGTG,JoaquinEspinosa_Custom_5_8_15_Custom_1x50v4,N,Custom,KMD,Espinosa
C6KODANXX,3,MN,Human,GCCAAT,JoaquinEspinosa_Custom_5_8_15_Custom_1x50v4,N,Custom,KMD,Espinosa
C6KODANXX,3,SD,Human,CAGATC,JoaquinEspinosa_Custom_5_8_15_Custom_1x50v4,N,Custom,KMD,Espinosa
C6KODANXX,3,SN,Human,CTTGTA,JoaquinEspinosa_Custom_5_8_15_Custom_1x50v4,N,Custom,KMD,Espinosa
C6KODANXX,4,HD2,Human,AGTCAA,JoaquinEspinosa_Custom_5_8_15_Custom_1x50v4,N,Custom,KMD,Espinosa
C6KODANXX,4,HN2,Human,AGTTCC,JoaquinEspinosa_Custom_5_8_15_Custom_1x50v4,N,Custom,KMD,Espinosa
C6KODANXX,4,MD2,Human,ATGTCA,JoaquinEspinosa_Custom_5_8_15_Custom_1x50v4,N,Custom,KMD,Espinosa
C6KODANXX,4,MN2,Human,CCGTCC,JoaquinEspinosa_Custom_5_8_15_Custom_1x50v4,N,Custom,KMD,Espinosa
C6KODANXX,4,SD2,Human,GTCCGC,JoaquinEspinosa_Custom_5_8_15_Custom_1x50v4,N,Custom,KMD,Espinosa
C6KODANXX,4,SN2,Human,GTGAAA,JoaquinEspinosa_Custom_5_8_15_Custom_1x50v4,N,Custom,KMD,Espinosa
C6KODANXX,8,KB1,C_ELEGANS,ATCACG,TaiMontgomery_Custom_5_8_15_Custom_1x50v4,N,Custom,KMD,Montgomery
C6KODANXX,8,KB2,C_ELEGANS,CGATGT,TaiMontgomery_Custom_5_8_15_Custom_1x50v4,N,Custom,KMD,Montgomery
C6KODANXX,8,KB3,C_ELEGANS,TTAGGC,TaiMontgomery_Custom_5_8_15_Custom_1x50v4,N,Custom,KMD,Montgomery
C6KODANXX,8,KB4,C_ELEGANS,TGACCA,TaiMontgomery_Custom_5_8_15_Custom_1x50v4,N,Custom,KMD,Montgomery
C6KODANXX,8,KB5,C_ELEGANS,ACAGTG,TaiMontgomery_Custom_5_8_15_Custom_1x50v4,N,Custom,KMD,Montgomery
C6KODANXX,8,KB6,C_ELEGANS,GCCAAT,TaiMontgomery_Custom_5_8_15_Custom_1x50v4,N,Custom,KMD,Montgomery
C6KODANXX,8,KB7,C_ELEGANS,CAGATC,TaiMontgomery_Custom_5_8_15_Custom_1x50v4,N,Custom,KMD,Montgomery
C6KODANXX,8,KB8,C_ELEGANS,ACTTGA,TaiMontgomery_Custom_5_8_15_Custom_1x50v4,N,Custom,KMD,Montgomery
C6KODANXX,8,KB9,C_ELEGANS,GATCAG,TaiMontgomery_Custom_5_8_15_Custom_1x50v4,N,Custom,KMD,Montgomery
C6KODANXX,8,KB10,C_ELEGANS,TAGCTT,TaiMontgomery_Custom_5_8_15_Custom_1x50v4,N,Custom,KMD,Montgomery
C6KODANXX,8,KB11,C_ELEGANS,GGCTAC,TaiMontgomery_Custom_5_8_15_Custom_1x50v4,N,Custom,KMD,Montgomery
C6KODANXX,8,KB12,C_ELEGANS,CTTGTA,TaiMontgomery_Custom_5_8_15_Custom_1x50v4,N,Custom,KMD,Montgomery
